l_2,alpha_1_2,mu_,,,,,,,
10,1,7.123105625617661,,,,,,,,
n,l,p,lambda,alpha,num_edges,num_shortcuts,num_cycle_edges,time,mu
5000,587,0.0017064846416382253,2,1,0,0,0,4,7.123105625617661
5000,587,0.0017064846416382253,2,1,0,0,0,4,7.123105625617661
5000,587,0.0017064846416382253,2,1,0,0,0,4,7.123105625617661
5000,587,0.0017064846416382253,2,1,0,0,0,2,7.123105625617661
5000,587,0.0017064846416382253,2,1,0,0,0,3,7.123105625617661
5000,587,0.0017064846416382253,2,1,0,0,0,3,7.123105625617661
5000,587,0.0017064846416382253,2,1,0,0,0,4,7.123105625617661
5000,587,0.0017064846416382253,2,1,0,0,0,3,7.123105625617661
5000,587,0.0017064846416382253,2,1,0,0,0,3,7.123105625617661
5000,587,0.0017064846416382253,2,1,0,0,0,4,7.123105625617661
5000,587,0.0017064846416382253,2,1,0,0,0,3,7.123105625617661
5000,587,0.0017064846416382253,2,1,0,0,0,4,7.123105625617661
5000,587,0.0017064846416382253,2,1,0,0,0,4,7.123105625617661
5000,587,0.0017064846416382253,2,1,0,0,0,3,7.123105625617661
5000,587,0.0017064846416382253,2,1,0,0,0,3,7.123105625617661
5000,587,0.0017064846416382253,2,1,0,0,0,2,7.123105625617661
5000,587,0.0017064846416382253,2,1,0,0,0,4,7.123105625617661
5000,587,0.0017064846416382253,2,1,0,0,0,3,7.123105625617661
5000,587,0.0017064846416382253,2,1,0,0,0,5,7.123105625617661
5000,587,0.0017064846416382253,2,1,0,0,0,3,7.123105625617661
